show databases;
create database carinsurance;
use carinsurance;
create table person(driver_id varchar(10),name varchar(30), address varchar(50), primary key (driver_id));
create table car (reg_num varchar(10), model_name varchar(10), year int, primary key(reg_num));
create table Accident(report_num int, accident_date date, location varchar(50), primary key(report_num));
create table owns(driver_id varchar(10), reg_num varchar(10), primary key(driver_id,reg_num), foreign key (driver_id) references person(driver_id), foreign key(reg_num) references car(reg_num));
create table participated(driver_id varchar(10), reg_num varchar(10), report_num int, damage_amount int, primary key(driver_id,reg_num,report_num), foreign key(driver_id) references person(driver_id),
foreign key(reg_num) references car(reg_num), foreign key(report_num) references Accident(report_num));
insert into person values('A01','Richard','Srinivas nagar');
insert into person values('A02','Pradeep','Rajaji nagar');
insert into person values('A03','Smith','Ashok nagar');
insert into person values('A04','Venu','N R Colony');
insert into person values('A05','Jhon','Hanumanth nagar');
insert into car values('KA052250','Indica',1990);
insert into car values('KA031181','Lancer',1957);
insert into car values('KA095477','Toyota',1998);
insert into car values('KA053408','Honda',2008);
insert into car values('KA041702','Audi',2005);
insert into Accident values(11, '2001-01-03','Mysore Road');
insert into Accident values(12, '2002-02-04','South End Circle');
insert into Accident values(13, '2021-01-03','Bull temple Road');
insert into Accident values(14, '2017-02-08','Mysore Road');
insert into Accident values(15, '2004-03-05','Kanakpura Road');
insert into owns values('A01','KA052250');
insert into owns values('A02','KA053408');
insert into owns values('A03','KA031181');
insert into owns values('A04','KA095477');
insert into owns values('A05','KA041702');
insert into participated values('A01','KA052250',11,10000);
insert into participated values('A02','KA053408',12,50000);
insert into participated values('A03','KA031181',13,25000);
insert into participated values('A04','KA095477',14,3000);
insert into participated values('A05','KA041702',15,5000);
select * from person;
select * from car;
select * from Accident;
select * from owns;
select * from participated;
update participated set damage_amount=25000 where report_num=12;
select accident_date,location from Accident;
select driver_id from participated where damage_amount>=25000;
 select * from car order by year;
 select count(*) as car_info from participated p, car c where p.reg_num=c.reg_num and model_name='Lancer';
 select * from participated order by damage_amount desc;
 select avg(damage_amount) from participated;
 select max(damage_amount) as maximum from participated;